{
	"TEXT": [
		{
			"name": "Text",
			"description": "",
			"type": "text",
			"icon": {
                "prefix": "fas",
                "name": "font"
            },
            "option": {
                "type": "textbox",
                "text": "",
                "width": 60,
                "height": 30,
                "fontSize": 32,
                "name": "New text"
            }
		}
	],
	"SHAPE": [
		{
			"name": "Triangle",
			"description": "",
			"type": "shape",
			"icon": {
                "prefix": "fas",
                "name": "play",
                "style": {
                    "transform": "rotate(270deg)"
                }
            },
            "option": {
                "type": "triangle",
                "width": 30,
                "height": 30,
                "name": "New shape"
            }
        },
        {
			"name": "Rectangle",
			"description": "",
			"type": "shape",
			"icon": {
                "prefix": "fas",
                "name": "stop"
            },
            "option": {
                "type": "rect",
                "width": 40,
                "height": 40,
                "name": "New shape"
            }
        },
        {
			"name": "Circle",
			"description": "",
			"type": "shape",
			"icon": {
                "prefix": "fas",
                "name": "circle"
            },
            "option": {
                "type": "circle",
                "radius": 30,
                "name": "New shape"
            }
		}
	],
	"DRAWING": [
		{
			"name": "Polygon",
			"description": "",
			"type": "drawing",
			"icon": {
                "prefix": "fas",
                "name": "draw-polygon"
            },
            "option": {
                "type": "polygon",
                "name": "New polygon"
            }
        },
        {
            "name": "Line",
            "description": "",
            "type": "drawing",
			"icon": {
                "prefix": "fas",
                "name": "minus"
            },
            "option": {
                "type": "line",
                "name": "New line"
            }
        },
        {
            "name": "Arrow",
            "description": "",
            "type": "drawing",
			"icon": {
                "prefix": "fas",
                "name": "long-arrow-alt-right"
            },
            "option": {
                "type": "arrow",
                "name": "New arrow"
            }
        }
	]
}